Repository,Issue Title,Issue URL
N/A,Make it so that `streak.json` and `Extraordinary. MD` do not have duplicate entry for same account. ,https://github.com/Prakash4844/Get-Pair-Extraordinaire/issues/87
N/A,Настроить расстояния по симхэш-индексу,https://github.com/antijob/neuro-parser/issues/145
N/A,implements concept level mockup,https://github.com/sheep-snow/irodolly/pull/1
N/A,"[Wallet] Restore wallet form all active keysets of a mint, not just the latest one",https://github.com/cashubtc/nutshell/issues/366
N/A,Sometimes two spaces and sometimes a tab is used as an indent in the user-facing output ,https://github.com/VirtusLab/git-machete/issues/1095
N/A,Fix broken references,https://github.com/pymc-devs/pymc-examples/issues/605
N/A,Setup Dependabot,https://github.com/BobSaidHi/CPRC-MechWarfare/issues/20
N/A,JavaScript shebang and executable tests should be for only node.js/executable JavaScript files,https://github.com/Emmo00/alxcheck/issues/6
N/A,Ignore __init__.py file if it is empty,https://github.com/Emmo00/alxcheck/issues/5
N/A,Create skills page,https://github.com/Frank-1998/Clinician_Matrix/issues/9
N/A,Doc: Explain emojis at /core/catalog,https://github.com/vEnhance/otis-web/issues/326
N/A,Indentation in /exams/quiz is wrong,https://github.com/vEnhance/otis-web/issues/325
N/A,Restructure the module with poetry,https://github.com/neurocode-ai/neurocode/issues/34
N/A,Send admin an email when we get certain errors,https://github.com/mildebrandt/japantown_prepared/issues/7
N/A,Dodanie grafik i wstępna inicjalizacja ich,https://github.com/AGH-Narzedzia-Informatyczne-2023-2024/Noname/pull/11
N/A,Docs: Rate limit middleware docs,https://github.com/litestar-org/litestar/issues/2697
N/A,Align headers & content within Team tables,https://github.com/mawilson/hello_django/issues/7
N/A,Fix text on background being unreadable,https://github.com/mawilson/hello_django/issues/6
N/A,Can we get adetailer and animatediff support?,https://github.com/Trojaner/text-generation-webui-stable_diffusion/issues/1
N/A,added sqrt function,https://github.com/AGH-Narzedzia-Informatyczne-2023-2024/kidang-tikus/pull/17
N/A,Inicjalizacja bohatera,https://github.com/AGH-Narzedzia-Informatyczne-2023-2024/Noname/pull/10
N/A,Add warning for too short window in `ZeusMonitor`,https://github.com/ml-energy/zeus/issues/32
N/A,rename watcher to cli and move `cli.py`,https://github.com/render-engine/render-engine/issues/349
N/A,Utilizar o Tilt para subir e rodar o ambiente,https://github.com/okfn-brasil/querido-diario-data-processing/issues/58
N/A,Efficient Loader Error,https://github.com/jags111/efficiency-nodes-comfyui/issues/33
N/A,[Feature]: Use OpenAI's AsyncClient to handle network I/O calls across providers,https://github.com/BerriAI/litellm/issues/839
N/A,Move Python Support From 3.8 to 3.9,https://github.com/spdx/ntia-conformance-checker/issues/162
N/A,Add configurable ecs mbar:stage tag,https://github.com/mbari-org/deepsea-ai/issues/28
N/A,CNI - Data of the jobs are expired,https://github.com/peviitor-ro/Scrapers_Dan_Marius/issues/2
N/A,Group dropdown box appearing as NULL,https://github.com/pycoder74/eTasks/issues/3
